{
    "clientId": "email-spam-detector",
    "clientVersion": "1.0.0",
    "threatInfo": {
        "threatTypes": ["MALWARE", "SOCIAL_ENGINEERING", "UNWANTED_SOFTWARE", "POTENTIALLY_HARMFUL_APPLICATION", "PHISHING"],
        "platformTypes": ["ANY_PLATFORM"],
        "threatEntryTypes": ["URL", "EMAIL_CONTENT"],
        "threatEntries": []
    },
    "phishingRules": {
        "keywords": [
            "срочно подтвердите",
            "ваш счет заблокирован",
            "введите пароль",
            "подтвердите данные карты",
            "выигрыш в лотерею",
            "получите приз",
            "ваш аккаунт взломан",
            "срочный перевод",
            "подозрительная активность",
            "выиграли миллион",
            "нужен срочный платеж",
            "ваша карта заблокирована",
            "подтвердите личность",
            "международная лотерея",
            "крупный выигрыш",
            "джекпот",
            "случайный победитель",
            "счастливый номер",
            "выбраны случайным образом",
            "гарантированный приз",
            "бесплатная лотерея",
            "моментальный выигрыш",
            "денежный приз ждет вас",
            "выигрышный билет"
        ],
        "suspiciousPatterns": {
            "urgency": [
                "немедленно",
                "срочно требуется",
                "в течение 24 часов",
                "иначе ваш аккаунт будет удален",
                "срочно",
                "немедленно",
                "критично",
                "последний шанс",
                "время истекает",
                "только сегодня",
                "спешите получить",
                "осталось несколько часов",
                "предложение истекает"
            ],
            "pressure": [
                "только сегодня",
                "последний шанс",
                "или мы заблокируем",
                "или вы потеряете доступ",
                "единственная возможность",
                "больше шанса не будет",
                "времени осталось мало",
                "не упустите свой шанс",
                "количество призов ограничено",
                "только для избранных",
                "уникальная возможность",
                "редкая удача",
                "один из немногих"
            ],
            "sensitive": [
                "введите cvv",
                "отправьте пароль",
                "подтвердите pin",
                "укажите номер карты",
                "код из смс",
                "секретный код",
                "данные паспорта",
                "комиссия за перевод",
                "оплата налога на выигрыш",
                "страховой взнос",
                "регистрационный сбор",
                "комиссия за оформление"
            ],
            "prize": [
                "крупный выигрыш",
                "международный приз",
                "лотерейный билет",
                "счастливый победитель",
                "случайный отбор",
                "гарантированная выплата",
                "сертификат победителя",
                "выигрышный фонд",
                "денежное вознаграждение",
                "главный приз"
            ]
        },
        "urlPatterns": [
            "bit.ly",
            "tinyurl.com",
            "goo.gl",
            "is.gd",
            "clck.ru",
            "t.co",
            "tiny.cc",
            "ow.ly",
            "cutt.ly",
            "shorturl.at",
            "lottery",
            "prize",
            "winner",
            "claim-reward",
            "get-prize"
        ]
    },
    "notifications": {
        "enablePhishingAlerts": true,
        "alertLevel": "high",
        "notifyOnSuspicious": true,
        "detailedReporting": true
    }
}